respondent_id,region,customer_tenure_months,satisfaction_1_7,recommend_0_10,service_speed,service_resolution,service_care,value_fair,value_quality,value_clear,ease_setup,ease_use,ease_reverse_effort,trust_reliable,trust_honest,trust_secure
R0001,South,35,1.0,3.0,2.0,2.0,1.0,3.0,2.0,3.0,4.0,4.0,4.0,4.0,3.0,2.0
R0002,South,31,4.0,8.0,5.0,5.0,5.0,4.0,5.0,5.0,4.0,3.0,4.0,2.0,3.0,4.0
R0003,North,22,3.0,6.0,5.0,4.0,3.0,2.0,3.0,3.0,6.0,5.0,3.0,5.0,4.0,4.0
R0004,South,27,6.0,6.0,5.0,2.0,4.0,,2.0,,4.0,5.0,4.0,4.0,4.0,4.0
R0005,West,44,,3.0,3.0,2.0,4.0,2.0,3.0,3.0,3.0,3.0,6.0,3.0,3.0,3.0
R0006,North,42,2.0,3.0,2.0,4.0,3.0,4.0,5.0,4.0,,5.0,4.0,1.0,4.0,3.0
R0007,North,87,2.0,5.0,3.0,3.0,3.0,4.0,3.0,3.0,3.0,3.0,5.0,2.0,3.0,3.0
R0008,South,25,1.0,3.0,2.0,2.0,1.0,2.0,1.0,2.0,4.0,5.0,4.0,2.0,5.0,4.0
R0009,East,9,5.0,7.0,4.0,4.0,4.0,4.0,5.0,4.0,4.0,5.0,4.0,4.0,4.0,4.0
R0010,West,51,3.0,7.0,4.0,5.0,4.0,3.0,3.0,2.0,5.0,6.0,3.0,4.0,4.0,5.0
R0011,East,42,6.0,7.0,4.0,4.0,,3.0,3.0,4.0,5.0,6.0,2.0,4.0,6.0,3.0
R0012,East,20,2.0,2.0,3.0,2.0,2.0,3.0,2.0,2.0,2.0,1.0,7.0,3.0,3.0,2.0
R0013,North,23,7.0,9.0,5.0,5.0,4.0,4.0,6.0,5.0,6.0,5.0,2.0,6.0,4.0,6.0
R0014,East,87,7.0,9.0,6.0,6.0,6.0,5.0,5.0,,7.0,7.0,2.0,4.0,6.0,4.0
R0015,West,10,5.0,8.0,5.0,5.0,5.0,5.0,4.0,4.0,5.0,5.0,4.0,4.0,3.0,5.0
R0016,South,14,6.0,6.0,5.0,5.0,4.0,4.0,4.0,4.0,3.0,2.0,4.0,5.0,4.0,4.0
R0017,North,13,6.0,10.0,4.0,4.0,3.0,6.0,,6.0,4.0,3.0,3.0,6.0,5.0,5.0
R0018,North,18,4.0,7.0,6.0,4.0,6.0,3.0,2.0,4.0,4.0,6.0,3.0,4.0,5.0,4.0
R0019,East,43,5.0,6.0,5.0,4.0,4.0,5.0,6.0,6.0,3.0,4.0,3.0,4.0,4.0,3.0
R0020,East,24,3.0,6.0,3.0,4.0,3.0,2.0,3.0,3.0,3.0,3.0,5.0,4.0,4.0,5.0
R0021,East,43,2.0,3.0,3.0,3.0,1.0,4.0,3.0,3.0,2.0,1.0,7.0,3.0,6.0,4.0
R0022,South,40,5.0,7.0,2.0,,3.0,4.0,5.0,4.0,5.0,5.0,3.0,7.0,6.0,6.0
R0023,South,7,3.0,5.0,3.0,3.0,3.0,4.0,4.0,4.0,3.0,4.0,5.0,3.0,3.0,4.0
R0024,North,43,6.0,9.0,6.0,5.0,4.0,6.0,5.0,4.0,5.0,5.0,4.0,3.0,3.0,5.0
R0025,East,13,5.0,5.0,3.0,4.0,3.0,4.0,3.0,4.0,5.0,4.0,,4.0,4.0,4.0
R0026,North,13,6.0,8.0,4.0,3.0,2.0,5.0,5.0,4.0,2.0,3.0,4.0,4.0,3.0,4.0
R0027,East,14,5.0,5.0,3.0,3.0,5.0,4.0,4.0,4.0,4.0,5.0,3.0,5.0,5.0,6.0
R0028,West,6,4.0,6.0,4.0,3.0,4.0,2.0,5.0,3.0,3.0,4.0,5.0,4.0,5.0,5.0
R0029,East,23,5.0,5.0,3.0,3.0,6.0,5.0,3.0,2.0,5.0,4.0,4.0,3.0,5.0,6.0
R0030,South,22,2.0,5.0,1.0,2.0,1.0,1.0,2.0,1.0,4.0,5.0,3.0,1.0,2.0,3.0
R0031,East,28,4.0,8.0,4.0,4.0,4.0,3.0,4.0,4.0,3.0,4.0,4.0,4.0,4.0,4.0
R0032,East,39,5.0,6.0,4.0,5.0,3.0,3.0,3.0,4.0,4.0,6.0,4.0,4.0,4.0,4.0
R0033,East,28,4.0,7.0,3.0,4.0,4.0,3.0,3.0,3.0,3.0,3.0,5.0,3.0,4.0,4.0
R0034,East,18,4.0,5.0,3.0,4.0,4.0,3.0,3.0,3.0,3.0,2.0,5.0,4.0,4.0,6.0
R0035,West,53,3.0,9.0,7.0,5.0,7.0,7.0,6.0,6.0,6.0,5.0,3.0,4.0,3.0,4.0
R0036,North,25,3.0,7.0,3.0,4.0,2.0,3.0,2.0,3.0,1.0,2.0,6.0,4.0,3.0,4.0
R0037,East,22,4.0,6.0,4.0,5.0,5.0,4.0,4.0,5.0,5.0,5.0,2.0,5.0,5.0,4.0
R0038,South,77,4.0,6.0,3.0,4.0,4.0,4.0,4.0,4.0,3.0,2.0,5.0,6.0,6.0,4.0
R0039,West,28,3.0,7.0,,5.0,5.0,3.0,2.0,4.0,3.0,4.0,4.0,4.0,3.0,4.0
R0040,North,7,7.0,7.0,6.0,5.0,3.0,,7.0,7.0,4.0,5.0,3.0,6.0,6.0,6.0
R0041,East,22,6.0,8.0,6.0,5.0,6.0,3.0,4.0,4.0,5.0,4.0,5.0,5.0,7.0,7.0
R0042,South,47,6.0,10.0,4.0,2.0,3.0,7.0,7.0,7.0,5.0,5.0,2.0,6.0,6.0,6.0
R0043,East,24,4.0,6.0,3.0,4.0,4.0,5.0,3.0,5.0,4.0,4.0,5.0,5.0,4.0,3.0
R0044,West,15,7.0,8.0,6.0,6.0,7.0,5.0,5.0,4.0,4.0,5.0,4.0,5.0,5.0,4.0
R0045,North,16,5.0,7.0,5.0,5.0,6.0,4.0,4.0,4.0,4.0,4.0,4.0,6.0,5.0,7.0
R0046,South,63,5.0,9.0,5.0,5.0,6.0,5.0,5.0,4.0,4.0,4.0,5.0,5.0,4.0,4.0
R0047,North,3,4.0,8.0,5.0,6.0,5.0,5.0,,5.0,4.0,3.0,4.0,4.0,5.0,4.0
R0048,North,39,5.0,3.0,3.0,2.0,3.0,3.0,3.0,4.0,5.0,4.0,4.0,4.0,5.0,3.0
R0049,East,46,2.0,5.0,2.0,1.0,2.0,3.0,5.0,4.0,3.0,4.0,3.0,3.0,3.0,3.0
R0050,East,20,4.0,8.0,6.0,5.0,6.0,5.0,3.0,4.0,5.0,5.0,4.0,4.0,3.0,5.0
R0051,North,37,4.0,3.0,3.0,3.0,5.0,3.0,4.0,3.0,5.0,5.0,3.0,4.0,4.0,4.0
R0052,South,23,4.0,6.0,4.0,4.0,2.0,2.0,3.0,4.0,4.0,3.0,4.0,7.0,7.0,7.0
R0053,West,17,5.0,7.0,5.0,4.0,6.0,4.0,4.0,4.0,5.0,,4.0,4.0,4.0,5.0
R0054,North,26,4.0,5.0,6.0,5.0,6.0,4.0,4.0,3.0,3.0,4.0,4.0,6.0,4.0,4.0
R0055,East,29,5.0,9.0,5.0,5.0,5.0,5.0,5.0,4.0,6.0,4.0,3.0,5.0,4.0,5.0
R0056,North,11,5.0,6.0,4.0,4.0,5.0,6.0,5.0,5.0,4.0,5.0,3.0,4.0,3.0,3.0
R0057,North,42,3.0,7.0,4.0,4.0,5.0,5.0,4.0,4.0,4.0,3.0,3.0,3.0,4.0,3.0
R0058,North,13,4.0,7.0,4.0,3.0,2.0,5.0,6.0,4.0,2.0,3.0,5.0,4.0,3.0,4.0
R0059,East,18,4.0,6.0,3.0,3.0,2.0,,4.0,4.0,5.0,4.0,4.0,4.0,4.0,4.0
R0060,South,34,3.0,6.0,3.0,3.0,4.0,3.0,2.0,4.0,4.0,3.0,4.0,5.0,6.0,4.0
R0061,West,23,3.0,5.0,4.0,1.0,2.0,3.0,2.0,3.0,4.0,3.0,6.0,1.0,2.0,3.0
R0062,North,41,5.0,9.0,5.0,4.0,4.0,5.0,5.0,5.0,2.0,5.0,3.0,4.0,4.0,5.0
R0063,East,17,5.0,7.0,4.0,3.0,3.0,5.0,5.0,4.0,3.0,3.0,5.0,6.0,6.0,5.0
R0064,South,10,2.0,5.0,3.0,3.0,4.0,2.0,3.0,2.0,4.0,5.0,5.0,4.0,3.0,3.0
R0065,West,22,4.0,8.0,3.0,5.0,4.0,5.0,5.0,3.0,4.0,4.0,4.0,1.0,1.0,3.0
R0066,South,15,1.0,5.0,2.0,2.0,3.0,3.0,2.0,3.0,3.0,4.0,4.0,3.0,2.0,3.0
R0067,North,74,5.0,8.0,5.0,5.0,5.0,5.0,4.0,5.0,7.0,7.0,1.0,5.0,6.0,6.0
R0068,South,8,4.0,6.0,4.0,4.0,5.0,2.0,3.0,,3.0,6.0,3.0,3.0,4.0,
R0069,West,20,4.0,7.0,4.0,4.0,4.0,5.0,5.0,4.0,3.0,3.0,4.0,5.0,5.0,5.0
R0070,East,21,5.0,7.0,3.0,5.0,4.0,6.0,5.0,5.0,5.0,6.0,3.0,5.0,6.0,5.0
R0071,East,25,6.0,9.0,6.0,5.0,5.0,5.0,6.0,5.0,4.0,4.0,5.0,5.0,5.0,5.0
R0072,North,30,5.0,6.0,4.0,5.0,4.0,5.0,4.0,4.0,3.0,5.0,4.0,4.0,4.0,5.0
R0073,South,53,5.0,6.0,4.0,3.0,4.0,3.0,5.0,5.0,3.0,5.0,4.0,5.0,5.0,5.0
R0074,West,46,4.0,8.0,5.0,4.0,4.0,5.0,5.0,3.0,3.0,4.0,3.0,5.0,6.0,7.0
R0075,East,10,2.0,6.0,4.0,4.0,3.0,3.0,3.0,2.0,4.0,3.0,6.0,4.0,3.0,4.0
R0076,North,17,4.0,5.0,3.0,3.0,3.0,3.0,3.0,4.0,4.0,4.0,3.0,5.0,4.0,3.0
R0077,West,11,4.0,7.0,2.0,3.0,3.0,4.0,4.0,5.0,3.0,4.0,4.0,4.0,5.0,2.0
R0078,East,58,3.0,3.0,5.0,4.0,5.0,3.0,3.0,3.0,,3.0,6.0,5.0,5.0,5.0
R0079,East,40,4.0,8.0,5.0,4.0,4.0,4.0,,4.0,5.0,4.0,5.0,6.0,5.0,6.0
R0080,South,10,3.0,6.0,3.0,3.0,4.0,5.0,6.0,4.0,5.0,7.0,3.0,5.0,5.0,5.0
R0081,East,21,4.0,6.0,4.0,3.0,,2.0,2.0,1.0,5.0,4.0,5.0,5.0,4.0,3.0
R0082,East,24,6.0,10.0,6.0,5.0,5.0,6.0,5.0,7.0,,6.0,2.0,3.0,5.0,4.0
R0083,South,20,6.0,9.0,4.0,6.0,5.0,5.0,5.0,7.0,5.0,6.0,2.0,6.0,6.0,6.0
R0084,East,6,1.0,3.0,2.0,1.0,1.0,2.0,3.0,4.0,5.0,4.0,3.0,3.0,3.0,3.0
R0085,East,18,5.0,7.0,4.0,3.0,2.0,4.0,4.0,4.0,3.0,3.0,6.0,3.0,4.0,4.0
R0086,West,51,4.0,7.0,5.0,5.0,4.0,4.0,4.0,5.0,3.0,3.0,5.0,4.0,2.0,3.0
R0087,North,59,3.0,6.0,4.0,2.0,,3.0,4.0,3.0,3.0,2.0,5.0,4.0,4.0,3.0
R0088,East,17,5.0,6.0,2.0,3.0,3.0,3.0,4.0,4.0,4.0,3.0,5.0,4.0,5.0,2.0
R0089,South,38,3.0,5.0,2.0,3.0,2.0,4.0,4.0,4.0,2.0,2.0,5.0,3.0,4.0,4.0
R0090,West,33,2.0,2.0,2.0,2.0,4.0,5.0,3.0,2.0,3.0,4.0,6.0,2.0,1.0,1.0
R0091,East,10,3.0,6.0,4.0,3.0,3.0,5.0,5.0,5.0,3.0,2.0,5.0,4.0,4.0,3.0
R0092,West,6,5.0,4.0,5.0,4.0,5.0,4.0,3.0,2.0,4.0,5.0,3.0,5.0,5.0,5.0
R0093,North,58,4.0,7.0,4.0,5.0,4.0,6.0,4.0,3.0,5.0,4.0,4.0,4.0,5.0,5.0
R0094,West,12,7.0,10.0,6.0,6.0,6.0,7.0,6.0,7.0,4.0,5.0,3.0,3.0,5.0,4.0
R0095,North,56,3.0,5.0,3.0,3.0,3.0,4.0,2.0,3.0,6.0,4.0,4.0,4.0,4.0,4.0
R0096,East,12,4.0,5.0,2.0,2.0,3.0,5.0,5.0,4.0,3.0,4.0,4.0,5.0,5.0,4.0
R0097,South,59,3.0,4.0,5.0,5.0,4.0,4.0,3.0,3.0,6.0,5.0,2.0,3.0,4.0,3.0
R0098,West,29,3.0,8.0,3.0,3.0,4.0,3.0,4.0,3.0,4.0,4.0,4.0,3.0,2.0,5.0
R0099,North,56,2.0,5.0,4.0,3.0,4.0,3.0,2.0,3.0,5.0,5.0,4.0,4.0,4.0,3.0
R0100,East,22,5.0,6.0,5.0,5.0,4.0,3.0,5.0,5.0,4.0,3.0,4.0,3.0,4.0,4.0
R0101,South,14,5.0,6.0,3.0,4.0,3.0,7.0,5.0,7.0,,4.0,4.0,3.0,3.0,4.0
R0102,East,9,3.0,3.0,4.0,3.0,2.0,3.0,3.0,3.0,5.0,5.0,2.0,3.0,4.0,3.0
R0103,West,29,5.0,7.0,4.0,5.0,5.0,6.0,5.0,7.0,1.0,3.0,6.0,3.0,5.0,5.0
R0104,West,25,7.0,8.0,5.0,5.0,5.0,7.0,6.0,6.0,5.0,4.0,3.0,5.0,4.0,4.0
R0105,North,35,5.0,3.0,5.0,4.0,4.0,3.0,2.0,3.0,4.0,4.0,5.0,4.0,3.0,4.0
R0106,South,30,5.0,5.0,4.0,3.0,4.0,6.0,6.0,6.0,5.0,6.0,4.0,4.0,5.0,5.0
R0107,East,39,5.0,8.0,6.0,5.0,5.0,4.0,4.0,4.0,4.0,4.0,4.0,2.0,2.0,3.0
R0108,West,17,3.0,10.0,5.0,4.0,4.0,3.0,4.0,4.0,6.0,6.0,3.0,3.0,3.0,2.0
R0109,East,2,5.0,9.0,6.0,6.0,5.0,6.0,5.0,5.0,3.0,4.0,3.0,3.0,3.0,4.0
R0110,East,64,3.0,7.0,3.0,2.0,3.0,5.0,2.0,3.0,4.0,4.0,4.0,4.0,3.0,2.0
R0111,East,10,4.0,3.0,4.0,3.0,4.0,2.0,1.0,1.0,3.0,4.0,3.0,4.0,4.0,5.0
R0112,East,8,5.0,7.0,5.0,4.0,5.0,3.0,2.0,4.0,3.0,4.0,5.0,5.0,5.0,5.0
R0113,West,20,5.0,9.0,5.0,5.0,5.0,5.0,5.0,6.0,5.0,2.0,3.0,5.0,6.0,7.0
R0114,East,15,6.0,6.0,5.0,6.0,5.0,5.0,5.0,4.0,5.0,3.0,4.0,4.0,3.0,5.0
R0115,South,19,4.0,2.0,1.0,2.0,3.0,4.0,3.0,4.0,4.0,4.0,5.0,3.0,3.0,2.0
R0116,South,40,4.0,8.0,4.0,4.0,3.0,4.0,5.0,5.0,6.0,4.0,4.0,5.0,5.0,6.0
R0117,West,41,6.0,9.0,7.0,6.0,6.0,6.0,6.0,6.0,7.0,7.0,1.0,6.0,6.0,6.0
R0118,East,29,4.0,8.0,5.0,4.0,5.0,5.0,4.0,5.0,4.0,5.0,5.0,5.0,4.0,4.0
R0119,East,57,6.0,7.0,,5.0,6.0,5.0,3.0,3.0,4.0,3.0,4.0,6.0,4.0,4.0
R0120,East,29,3.0,7.0,3.0,4.0,3.0,4.0,4.0,5.0,1.0,3.0,4.0,3.0,3.0,3.0
R0121,East,41,4.0,4.0,5.0,3.0,4.0,3.0,1.0,2.0,2.0,2.0,6.0,4.0,5.0,5.0
R0122,North,9,4.0,5.0,4.0,4.0,5.0,3.0,5.0,4.0,4.0,4.0,4.0,4.0,4.0,5.0
R0123,East,22,6.0,10.0,6.0,5.0,5.0,5.0,4.0,5.0,5.0,3.0,3.0,2.0,2.0,3.0
R0124,South,31,5.0,6.0,3.0,3.0,4.0,3.0,4.0,2.0,4.0,3.0,4.0,3.0,1.0,3.0
R0125,East,35,5.0,8.0,7.0,,4.0,3.0,5.0,,4.0,3.0,5.0,5.0,5.0,5.0
R0126,West,6,4.0,10.0,5.0,7.0,6.0,5.0,5.0,6.0,4.0,4.0,3.0,7.0,6.0,6.0
R0127,North,33,5.0,6.0,5.0,5.0,4.0,2.0,3.0,2.0,4.0,4.0,4.0,3.0,6.0,4.0
R0128,East,10,5.0,9.0,3.0,4.0,3.0,5.0,6.0,6.0,4.0,4.0,4.0,5.0,5.0,4.0
R0129,North,48,2.0,4.0,2.0,3.0,3.0,2.0,2.0,2.0,3.0,4.0,,4.0,4.0,4.0
R0130,North,60,3.0,6.0,4.0,3.0,4.0,3.0,3.0,4.0,3.0,3.0,6.0,4.0,3.0,5.0
R0131,East,13,5.0,6.0,4.0,3.0,3.0,2.0,2.0,3.0,4.0,4.0,4.0,,2.0,4.0
R0132,South,22,5.0,8.0,4.0,4.0,4.0,7.0,6.0,7.0,3.0,3.0,5.0,4.0,3.0,4.0
R0133,North,61,4.0,7.0,3.0,3.0,5.0,3.0,4.0,4.0,2.0,3.0,5.0,6.0,5.0,6.0
R0134,South,51,4.0,7.0,6.0,5.0,4.0,2.0,3.0,4.0,2.0,3.0,5.0,2.0,3.0,4.0
R0135,North,5,4.0,9.0,6.0,5.0,3.0,4.0,4.0,5.0,3.0,4.0,3.0,3.0,4.0,3.0
R0136,South,10,6.0,10.0,6.0,6.0,6.0,7.0,7.0,6.0,3.0,4.0,5.0,3.0,5.0,3.0
R0137,East,13,4.0,7.0,6.0,3.0,5.0,4.0,4.0,4.0,6.0,4.0,2.0,5.0,4.0,4.0
R0138,East,62,3.0,6.0,5.0,3.0,3.0,3.0,4.0,5.0,6.0,6.0,3.0,3.0,3.0,2.0
R0139,South,22,5.0,6.0,,5.0,4.0,2.0,4.0,4.0,5.0,4.0,2.0,6.0,5.0,7.0
R0140,West,10,4.0,5.0,4.0,4.0,3.0,4.0,4.0,3.0,3.0,2.0,5.0,1.0,3.0,3.0
R0141,East,14,6.0,8.0,7.0,7.0,7.0,6.0,5.0,6.0,4.0,6.0,4.0,6.0,4.0,6.0
R0142,South,44,5.0,10.0,6.0,5.0,6.0,5.0,6.0,6.0,3.0,4.0,3.0,4.0,4.0,4.0
R0143,West,39,4.0,7.0,3.0,4.0,3.0,5.0,6.0,5.0,4.0,5.0,4.0,4.0,5.0,3.0
R0144,East,30,3.0,5.0,5.0,4.0,4.0,4.0,3.0,4.0,3.0,5.0,3.0,4.0,3.0,4.0
R0145,East,53,6.0,9.0,5.0,6.0,6.0,7.0,6.0,6.0,4.0,3.0,4.0,4.0,4.0,3.0
R0146,South,25,3.0,2.0,3.0,3.0,3.0,3.0,4.0,,5.0,4.0,4.0,2.0,3.0,2.0
R0147,West,38,5.0,8.0,5.0,4.0,5.0,4.0,5.0,5.0,3.0,3.0,5.0,3.0,3.0,3.0
R0148,South,83,4.0,4.0,3.0,3.0,3.0,3.0,4.0,4.0,3.0,,5.0,2.0,3.0,4.0
R0149,West,48,4.0,6.0,3.0,4.0,4.0,3.0,4.0,4.0,4.0,5.0,5.0,6.0,6.0,5.0
R0150,East,21,5.0,8.0,6.0,5.0,,4.0,5.0,4.0,5.0,5.0,3.0,5.0,6.0,5.0
R0151,West,5,4.0,8.0,,3.0,2.0,4.0,4.0,3.0,4.0,5.0,3.0,6.0,5.0,4.0
R0152,West,43,4.0,6.0,5.0,6.0,4.0,3.0,3.0,4.0,5.0,5.0,3.0,6.0,7.0,7.0
R0153,South,72,1.0,5.0,4.0,3.0,4.0,3.0,3.0,4.0,5.0,4.0,4.0,5.0,4.0,3.0
R0154,North,15,5.0,4.0,3.0,4.0,4.0,5.0,4.0,6.0,5.0,5.0,3.0,1.0,2.0,3.0
R0155,West,31,5.0,8.0,4.0,4.0,3.0,5.0,4.0,4.0,6.0,5.0,2.0,4.0,3.0,5.0
R0156,West,13,4.0,7.0,6.0,7.0,6.0,4.0,3.0,6.0,3.0,3.0,4.0,5.0,5.0,6.0
R0157,North,21,3.0,7.0,5.0,5.0,4.0,3.0,6.0,5.0,5.0,5.0,2.0,3.0,3.0,3.0
R0158,South,89,3.0,7.0,3.0,3.0,3.0,5.0,3.0,4.0,5.0,5.0,3.0,5.0,4.0,3.0
R0159,North,15,3.0,8.0,3.0,4.0,4.0,5.0,6.0,3.0,5.0,4.0,,3.0,5.0,5.0
R0160,West,25,4.0,4.0,3.0,3.0,3.0,3.0,2.0,2.0,2.0,2.0,7.0,3.0,2.0,3.0
R0161,South,10,6.0,10.0,7.0,6.0,7.0,4.0,4.0,4.0,5.0,5.0,4.0,6.0,5.0,6.0
R0162,East,23,3.0,6.0,4.0,5.0,5.0,3.0,3.0,2.0,4.0,4.0,4.0,4.0,4.0,3.0
R0163,West,26,5.0,5.0,4.0,3.0,3.0,4.0,5.0,5.0,3.0,3.0,7.0,4.0,4.0,5.0
R0164,West,29,3.0,5.0,4.0,3.0,5.0,4.0,5.0,2.0,4.0,4.0,4.0,3.0,4.0,5.0
R0165,West,60,2.0,5.0,,2.0,3.0,3.0,2.0,4.0,5.0,5.0,4.0,5.0,3.0,4.0
R0166,East,30,4.0,8.0,5.0,4.0,5.0,3.0,3.0,2.0,5.0,5.0,3.0,4.0,,3.0
R0167,East,28,5.0,5.0,3.0,2.0,3.0,4.0,4.0,3.0,4.0,4.0,4.0,3.0,3.0,4.0
R0168,South,8,5.0,7.0,5.0,5.0,5.0,5.0,5.0,5.0,3.0,4.0,4.0,3.0,2.0,3.0
R0169,East,79,6.0,7.0,6.0,6.0,5.0,5.0,6.0,3.0,5.0,6.0,2.0,2.0,2.0,3.0
R0170,South,65,3.0,5.0,5.0,3.0,4.0,3.0,4.0,4.0,3.0,3.0,4.0,3.0,3.0,1.0
R0171,South,23,5.0,6.0,5.0,4.0,6.0,5.0,6.0,4.0,5.0,5.0,4.0,3.0,3.0,3.0
R0172,West,48,4.0,4.0,3.0,3.0,3.0,,4.0,5.0,4.0,5.0,4.0,3.0,2.0,4.0
R0173,North,56,4.0,5.0,4.0,4.0,4.0,4.0,6.0,5.0,4.0,4.0,4.0,5.0,5.0,3.0
R0174,East,36,6.0,6.0,6.0,4.0,5.0,5.0,4.0,3.0,5.0,6.0,2.0,5.0,3.0,3.0
R0175,West,6,6.0,8.0,5.0,4.0,7.0,5.0,6.0,5.0,5.0,6.0,4.0,4.0,4.0,5.0
R0176,South,32,3.0,8.0,4.0,5.0,5.0,4.0,4.0,3.0,7.0,7.0,3.0,5.0,5.0,
R0177,East,7,4.0,8.0,4.0,5.0,5.0,3.0,4.0,3.0,5.0,5.0,3.0,5.0,5.0,5.0
R0178,South,54,5.0,4.0,4.0,3.0,4.0,4.0,5.0,3.0,4.0,3.0,5.0,4.0,2.0,4.0
R0179,North,17,4.0,5.0,5.0,5.0,4.0,1.0,4.0,4.0,4.0,3.0,5.0,5.0,6.0,5.0
R0180,West,13,5.0,9.0,5.0,5.0,5.0,6.0,7.0,6.0,4.0,4.0,4.0,3.0,5.0,5.0
R0181,South,10,5.0,6.0,4.0,3.0,2.0,4.0,4.0,4.0,5.0,6.0,4.0,3.0,3.0,3.0
R0182,North,31,2.0,5.0,4.0,5.0,2.0,3.0,3.0,2.0,6.0,5.0,3.0,3.0,4.0,5.0
R0183,South,33,3.0,6.0,7.0,5.0,5.0,2.0,3.0,4.0,3.0,4.0,6.0,5.0,4.0,4.0
R0184,North,62,7.0,8.0,6.0,6.0,7.0,7.0,6.0,6.0,5.0,5.0,3.0,5.0,5.0,5.0
R0185,West,21,4.0,4.0,4.0,3.0,4.0,3.0,4.0,,3.0,4.0,5.0,3.0,3.0,3.0
R0186,South,20,3.0,4.0,3.0,3.0,3.0,4.0,5.0,4.0,,3.0,5.0,4.0,4.0,4.0
R0187,North,28,2.0,3.0,4.0,5.0,5.0,1.0,1.0,2.0,3.0,4.0,3.0,3.0,3.0,4.0
R0188,South,47,4.0,4.0,3.0,3.0,4.0,3.0,2.0,3.0,2.0,1.0,6.0,6.0,5.0,4.0
R0189,East,4,1.0,7.0,4.0,4.0,3.0,3.0,3.0,4.0,3.0,3.0,5.0,2.0,3.0,3.0
R0190,East,9,5.0,9.0,4.0,4.0,4.0,4.0,4.0,4.0,5.0,4.0,4.0,4.0,3.0,3.0
R0191,South,24,3.0,5.0,2.0,3.0,2.0,3.0,3.0,4.0,2.0,2.0,7.0,,4.0,2.0
R0192,South,53,5.0,8.0,4.0,4.0,6.0,2.0,3.0,3.0,4.0,5.0,4.0,3.0,3.0,3.0
R0193,West,23,4.0,5.0,3.0,3.0,5.0,5.0,5.0,4.0,3.0,4.0,3.0,5.0,4.0,2.0
R0194,West,24,4.0,5.0,4.0,5.0,5.0,4.0,4.0,5.0,5.0,3.0,4.0,4.0,2.0,4.0
R0195,West,27,6.0,7.0,6.0,5.0,5.0,5.0,4.0,4.0,5.0,4.0,4.0,4.0,4.0,4.0
R0196,West,20,3.0,9.0,4.0,5.0,4.0,4.0,5.0,4.0,5.0,5.0,3.0,5.0,4.0,6.0
R0197,North,52,2.0,5.0,4.0,4.0,3.0,2.0,3.0,4.0,4.0,4.0,5.0,3.0,3.0,3.0
R0198,East,12,5.0,6.0,3.0,4.0,3.0,4.0,4.0,5.0,3.0,2.0,5.0,4.0,4.0,5.0
R0199,North,10,6.0,8.0,4.0,4.0,4.0,5.0,7.0,6.0,5.0,4.0,4.0,,5.0,
R0200,South,40,5.0,7.0,4.0,5.0,4.0,3.0,4.0,5.0,4.0,4.0,4.0,3.0,3.0,2.0
R0201,East,20,4.0,7.0,5.0,4.0,5.0,5.0,2.0,4.0,6.0,5.0,3.0,6.0,6.0,6.0
R0202,South,59,2.0,3.0,2.0,2.0,1.0,3.0,3.0,1.0,3.0,3.0,5.0,2.0,4.0,4.0
R0203,North,24,3.0,6.0,1.0,3.0,4.0,4.0,3.0,5.0,2.0,3.0,5.0,4.0,,
R0204,North,41,3.0,8.0,4.0,3.0,4.0,4.0,6.0,5.0,4.0,4.0,5.0,6.0,5.0,5.0
R0205,East,102,5.0,5.0,4.0,4.0,4.0,6.0,5.0,6.0,2.0,3.0,3.0,5.0,5.0,4.0
R0206,South,32,5.0,7.0,5.0,6.0,6.0,6.0,5.0,6.0,4.0,4.0,4.0,4.0,4.0,5.0
R0207,South,37,4.0,7.0,3.0,2.0,3.0,5.0,4.0,4.0,4.0,4.0,5.0,5.0,3.0,3.0
R0208,South,35,4.0,6.0,4.0,3.0,2.0,3.0,2.0,1.0,4.0,3.0,3.0,4.0,3.0,3.0
R0209,South,19,6.0,7.0,5.0,5.0,5.0,4.0,5.0,4.0,4.0,4.0,,3.0,4.0,6.0
R0210,South,40,,6.0,2.0,3.0,2.0,4.0,5.0,4.0,3.0,4.0,6.0,3.0,2.0,4.0
R0211,West,11,5.0,6.0,4.0,5.0,3.0,5.0,3.0,3.0,5.0,4.0,5.0,4.0,3.0,5.0
R0212,East,4,5.0,7.0,4.0,5.0,4.0,4.0,4.0,7.0,4.0,4.0,4.0,3.0,3.0,2.0
R0213,West,44,4.0,9.0,4.0,4.0,3.0,5.0,4.0,5.0,4.0,6.0,2.0,3.0,5.0,4.0
R0214,West,22,4.0,7.0,1.0,2.0,4.0,4.0,6.0,3.0,4.0,5.0,3.0,5.0,6.0,7.0
R0215,West,32,4.0,7.0,3.0,3.0,2.0,4.0,5.0,6.0,4.0,3.0,4.0,2.0,2.0,3.0
R0216,West,27,3.0,7.0,3.0,3.0,5.0,3.0,3.0,,4.0,3.0,4.0,4.0,3.0,3.0
R0217,East,29,3.0,8.0,3.0,4.0,5.0,4.0,6.0,5.0,4.0,4.0,5.0,3.0,3.0,4.0
R0218,South,48,3.0,5.0,,3.0,3.0,1.0,1.0,1.0,4.0,4.0,4.0,4.0,3.0,5.0
R0219,North,5,5.0,7.0,4.0,3.0,4.0,6.0,5.0,5.0,2.0,3.0,3.0,4.0,5.0,3.0
R0220,East,16,4.0,6.0,3.0,3.0,5.0,6.0,6.0,6.0,4.0,3.0,4.0,7.0,6.0,5.0
R0221,North,47,3.0,6.0,5.0,3.0,,4.0,4.0,5.0,4.0,4.0,3.0,4.0,3.0,2.0
R0222,North,28,5.0,7.0,3.0,6.0,5.0,6.0,,5.0,5.0,6.0,4.0,7.0,4.0,4.0
R0223,West,22,3.0,5.0,4.0,4.0,3.0,2.0,5.0,4.0,4.0,4.0,4.0,2.0,2.0,3.0
R0224,South,26,5.0,6.0,6.0,5.0,7.0,4.0,4.0,5.0,4.0,4.0,6.0,6.0,5.0,5.0
R0225,East,12,3.0,7.0,3.0,2.0,1.0,3.0,3.0,2.0,5.0,3.0,3.0,2.0,3.0,2.0
R0226,West,4,4.0,4.0,5.0,5.0,,4.0,3.0,5.0,3.0,5.0,5.0,,4.0,5.0
R0227,North,12,5.0,8.0,4.0,5.0,6.0,4.0,3.0,3.0,5.0,5.0,4.0,3.0,4.0,2.0
R0228,West,22,5.0,8.0,6.0,5.0,5.0,3.0,4.0,3.0,5.0,4.0,4.0,3.0,2.0,4.0
R0229,West,20,5.0,7.0,4.0,4.0,4.0,3.0,5.0,5.0,3.0,2.0,6.0,4.0,5.0,6.0
R0230,South,88,6.0,8.0,4.0,4.0,4.0,6.0,5.0,5.0,4.0,5.0,5.0,3.0,4.0,3.0
R0231,West,39,6.0,6.0,7.0,6.0,5.0,5.0,4.0,6.0,3.0,3.0,5.0,6.0,6.0,6.0
R0232,North,18,2.0,5.0,2.0,4.0,5.0,4.0,5.0,4.0,3.0,4.0,2.0,2.0,3.0,2.0
R0233,North,69,3.0,4.0,4.0,3.0,3.0,2.0,4.0,4.0,4.0,4.0,4.0,2.0,1.0,1.0
R0234,South,25,3.0,6.0,2.0,3.0,4.0,3.0,3.0,4.0,6.0,5.0,3.0,5.0,5.0,6.0
R0235,West,3,2.0,7.0,5.0,5.0,3.0,4.0,2.0,1.0,4.0,3.0,5.0,2.0,3.0,2.0
R0236,North,26,4.0,8.0,4.0,4.0,4.0,4.0,6.0,6.0,4.0,3.0,4.0,4.0,3.0,4.0
R0237,North,20,3.0,3.0,2.0,2.0,2.0,5.0,4.0,,2.0,4.0,6.0,1.0,1.0,1.0
R0238,West,62,4.0,2.0,2.0,2.0,2.0,4.0,3.0,3.0,3.0,3.0,5.0,3.0,2.0,4.0
R0239,East,23,3.0,4.0,2.0,2.0,3.0,5.0,4.0,5.0,3.0,3.0,5.0,5.0,4.0,3.0
R0240,East,30,3.0,6.0,5.0,3.0,3.0,4.0,4.0,4.0,4.0,4.0,6.0,3.0,3.0,2.0
R0241,North,36,4.0,4.0,5.0,6.0,4.0,4.0,4.0,4.0,4.0,2.0,4.0,2.0,3.0,4.0
R0242,South,7,2.0,6.0,2.0,3.0,2.0,5.0,5.0,4.0,3.0,4.0,6.0,4.0,4.0,4.0
R0243,West,56,5.0,7.0,4.0,3.0,3.0,3.0,4.0,4.0,5.0,5.0,2.0,3.0,3.0,3.0
R0244,West,18,2.0,4.0,3.0,3.0,2.0,4.0,4.0,2.0,1.0,2.0,5.0,2.0,4.0,4.0
R0245,East,5,5.0,7.0,4.0,5.0,4.0,5.0,5.0,5.0,1.0,2.0,7.0,2.0,4.0,3.0
R0246,South,62,7.0,8.0,6.0,7.0,6.0,5.0,5.0,5.0,3.0,4.0,5.0,6.0,6.0,7.0
R0247,South,48,2.0,4.0,4.0,3.0,3.0,3.0,3.0,3.0,5.0,4.0,3.0,3.0,4.0,4.0
R0248,West,54,2.0,5.0,3.0,3.0,4.0,2.0,2.0,3.0,3.0,1.0,6.0,1.0,2.0,2.0
R0249,South,6,5.0,6.0,6.0,6.0,4.0,5.0,5.0,5.0,3.0,3.0,3.0,6.0,7.0,7.0
R0250,East,13,2.0,5.0,1.0,5.0,2.0,3.0,3.0,2.0,1.0,2.0,6.0,4.0,2.0,3.0
R0251,North,3,5.0,5.0,3.0,4.0,4.0,2.0,5.0,4.0,5.0,4.0,4.0,4.0,3.0,4.0
R0252,East,31,3.0,6.0,3.0,2.0,4.0,3.0,4.0,4.0,3.0,3.0,7.0,3.0,3.0,4.0
R0253,North,30,3.0,5.0,2.0,1.0,2.0,4.0,4.0,4.0,6.0,4.0,5.0,2.0,3.0,1.0
R0254,East,14,4.0,6.0,4.0,3.0,3.0,4.0,3.0,3.0,5.0,3.0,5.0,3.0,3.0,4.0
R0255,West,11,3.0,5.0,4.0,5.0,4.0,3.0,1.0,4.0,4.0,5.0,6.0,4.0,4.0,6.0
R0256,East,11,5.0,8.0,3.0,5.0,4.0,4.0,4.0,4.0,4.0,5.0,4.0,5.0,,3.0
R0257,North,10,6.0,8.0,5.0,3.0,5.0,5.0,3.0,4.0,5.0,6.0,3.0,3.0,4.0,3.0
R0258,North,29,3.0,5.0,1.0,2.0,2.0,5.0,5.0,5.0,4.0,4.0,4.0,5.0,4.0,6.0
R0259,South,18,3.0,4.0,4.0,4.0,2.0,2.0,3.0,4.0,2.0,,6.0,6.0,4.0,3.0
R0260,East,13,5.0,6.0,4.0,5.0,5.0,5.0,6.0,5.0,3.0,4.0,4.0,5.0,6.0,6.0
R0261,East,4,3.0,5.0,4.0,3.0,4.0,4.0,3.0,,5.0,5.0,4.0,4.0,4.0,4.0
R0262,West,42,5.0,10.0,4.0,5.0,5.0,6.0,7.0,5.0,4.0,,5.0,6.0,7.0,7.0
R0263,North,12,3.0,4.0,4.0,5.0,3.0,3.0,3.0,3.0,5.0,4.0,5.0,3.0,1.0,3.0
R0264,South,17,5.0,4.0,4.0,3.0,2.0,4.0,4.0,3.0,5.0,4.0,3.0,4.0,5.0,5.0
R0265,West,34,7.0,7.0,2.0,4.0,4.0,7.0,7.0,6.0,5.0,5.0,3.0,4.0,5.0,4.0
R0266,South,34,4.0,6.0,3.0,4.0,4.0,3.0,3.0,3.0,2.0,4.0,5.0,3.0,3.0,1.0
R0267,South,39,4.0,8.0,6.0,5.0,4.0,6.0,5.0,6.0,3.0,2.0,5.0,4.0,4.0,5.0
R0268,South,19,5.0,8.0,7.0,6.0,3.0,4.0,5.0,4.0,3.0,3.0,5.0,4.0,4.0,5.0
R0269,West,11,4.0,7.0,5.0,3.0,5.0,3.0,5.0,4.0,4.0,3.0,5.0,4.0,5.0,5.0
R0270,North,35,2.0,3.0,2.0,2.0,2.0,2.0,2.0,2.0,1.0,3.0,6.0,1.0,1.0,2.0
R0271,East,25,4.0,7.0,6.0,5.0,5.0,2.0,4.0,5.0,4.0,5.0,4.0,3.0,3.0,5.0
R0272,East,13,5.0,7.0,4.0,5.0,4.0,4.0,5.0,6.0,6.0,6.0,2.0,3.0,2.0,3.0
R0273,South,11,3.0,5.0,,3.0,2.0,6.0,4.0,,3.0,3.0,4.0,3.0,,4.0
R0274,South,15,5.0,5.0,4.0,5.0,4.0,2.0,4.0,4.0,5.0,4.0,4.0,4.0,3.0,3.0
R0275,East,67,5.0,7.0,3.0,3.0,5.0,5.0,5.0,6.0,4.0,4.0,4.0,5.0,5.0,6.0
R0276,South,34,4.0,7.0,5.0,4.0,5.0,4.0,3.0,2.0,7.0,6.0,2.0,3.0,2.0,4.0
R0277,North,32,4.0,3.0,4.0,3.0,3.0,3.0,2.0,3.0,4.0,4.0,4.0,3.0,3.0,3.0
R0278,South,17,5.0,6.0,5.0,4.0,4.0,3.0,3.0,4.0,5.0,6.0,3.0,3.0,3.0,4.0
R0279,East,24,7.0,8.0,4.0,2.0,5.0,6.0,7.0,7.0,6.0,5.0,3.0,5.0,6.0,4.0
R0280,South,43,1.0,6.0,3.0,3.0,2.0,4.0,4.0,4.0,3.0,4.0,4.0,1.0,2.0,2.0
R0281,East,25,5.0,7.0,6.0,4.0,3.0,4.0,5.0,3.0,4.0,2.0,5.0,3.0,3.0,4.0
R0282,East,12,4.0,6.0,4.0,3.0,4.0,4.0,3.0,3.0,4.0,4.0,3.0,4.0,3.0,3.0
R0283,South,20,4.0,6.0,3.0,4.0,4.0,2.0,3.0,3.0,2.0,5.0,4.0,1.0,3.0,4.0
R0284,East,50,3.0,5.0,4.0,2.0,4.0,3.0,4.0,2.0,4.0,5.0,3.0,2.0,2.0,3.0
R0285,East,24,7.0,7.0,6.0,6.0,7.0,4.0,3.0,3.0,5.0,6.0,4.0,4.0,4.0,5.0
R0286,South,17,4.0,9.0,6.0,4.0,6.0,4.0,3.0,4.0,3.0,3.0,5.0,,5.0,
R0287,North,42,4.0,7.0,4.0,3.0,4.0,2.0,3.0,3.0,7.0,5.0,2.0,3.0,3.0,3.0
R0288,North,26,3.0,6.0,5.0,3.0,4.0,4.0,4.0,5.0,5.0,5.0,3.0,5.0,3.0,
R0289,West,18,4.0,7.0,6.0,5.0,5.0,3.0,4.0,3.0,4.0,5.0,5.0,4.0,6.0,5.0
R0290,East,47,5.0,7.0,4.0,4.0,4.0,4.0,3.0,5.0,6.0,6.0,1.0,5.0,5.0,5.0
R0291,North,26,4.0,7.0,5.0,4.0,4.0,4.0,3.0,3.0,3.0,3.0,6.0,3.0,2.0,3.0
R0292,North,4,3.0,5.0,,5.0,4.0,3.0,3.0,5.0,5.0,3.0,5.0,,3.0,2.0
R0293,South,59,3.0,5.0,4.0,2.0,3.0,4.0,2.0,4.0,4.0,3.0,5.0,5.0,3.0,3.0
R0294,East,6,4.0,6.0,5.0,6.0,6.0,4.0,3.0,3.0,3.0,4.0,5.0,4.0,3.0,
R0295,South,17,3.0,7.0,2.0,3.0,4.0,4.0,3.0,4.0,3.0,3.0,5.0,4.0,3.0,5.0
R0296,East,12,5.0,8.0,4.0,6.0,5.0,5.0,5.0,6.0,6.0,4.0,3.0,5.0,3.0,4.0
R0297,North,12,5.0,8.0,4.0,4.0,4.0,4.0,7.0,6.0,3.0,5.0,4.0,6.0,4.0,4.0
R0298,North,23,4.0,8.0,5.0,5.0,6.0,5.0,4.0,5.0,5.0,4.0,3.0,4.0,5.0,5.0
R0299,East,35,4.0,2.0,4.0,4.0,5.0,4.0,4.0,3.0,4.0,3.0,4.0,4.0,3.0,3.0
R0300,South,24,5.0,5.0,6.0,5.0,4.0,3.0,3.0,3.0,4.0,6.0,4.0,4.0,4.0,6.0
R0301,West,97,4.0,6.0,5.0,5.0,5.0,3.0,4.0,4.0,3.0,2.0,6.0,2.0,4.0,3.0
R0302,North,24,4.0,6.0,4.0,5.0,4.0,4.0,3.0,2.0,4.0,5.0,4.0,4.0,4.0,3.0
R0303,West,8,3.0,5.0,3.0,2.0,3.0,4.0,4.0,4.0,3.0,3.0,4.0,5.0,5.0,4.0
R0304,West,21,6.0,10.0,5.0,,5.0,6.0,6.0,5.0,4.0,4.0,3.0,4.0,6.0,6.0
R0305,South,18,4.0,7.0,4.0,4.0,4.0,4.0,5.0,6.0,5.0,4.0,3.0,4.0,6.0,5.0
R0306,East,9,2.0,4.0,4.0,2.0,1.0,4.0,2.0,2.0,4.0,3.0,4.0,4.0,5.0,5.0
R0307,West,18,5.0,7.0,3.0,3.0,4.0,4.0,6.0,4.0,4.0,6.0,2.0,5.0,4.0,5.0
R0308,North,22,3.0,6.0,3.0,5.0,4.0,5.0,6.0,3.0,5.0,5.0,4.0,4.0,5.0,5.0
R0309,East,26,3.0,6.0,4.0,5.0,5.0,3.0,3.0,4.0,5.0,4.0,4.0,4.0,3.0,3.0
R0310,East,22,2.0,5.0,2.0,3.0,2.0,3.0,6.0,5.0,1.0,1.0,6.0,2.0,2.0,2.0
R0311,North,44,2.0,4.0,2.0,2.0,4.0,4.0,3.0,1.0,3.0,4.0,3.0,4.0,4.0,4.0
R0312,South,74,5.0,8.0,3.0,3.0,5.0,5.0,5.0,,5.0,4.0,3.0,6.0,,5.0
R0313,East,16,3.0,5.0,4.0,4.0,4.0,5.0,4.0,5.0,4.0,4.0,4.0,4.0,4.0,4.0
R0314,South,18,3.0,6.0,4.0,4.0,5.0,5.0,2.0,3.0,4.0,4.0,6.0,6.0,5.0,6.0
R0315,West,4,3.0,9.0,3.0,3.0,3.0,5.0,3.0,4.0,4.0,4.0,3.0,5.0,6.0,6.0
R0316,West,39,3.0,4.0,1.0,2.0,2.0,4.0,3.0,3.0,4.0,5.0,5.0,6.0,6.0,6.0
R0317,North,7,2.0,5.0,2.0,1.0,1.0,2.0,3.0,2.0,3.0,3.0,5.0,2.0,3.0,4.0
R0318,West,33,4.0,6.0,2.0,4.0,3.0,6.0,5.0,5.0,3.0,2.0,6.0,2.0,2.0,3.0
R0319,East,26,5.0,8.0,4.0,6.0,4.0,6.0,5.0,5.0,4.0,4.0,4.0,4.0,5.0,4.0
R0320,West,31,2.0,6.0,3.0,2.0,2.0,5.0,4.0,3.0,4.0,4.0,,1.0,2.0,2.0
R0321,North,19,4.0,8.0,3.0,3.0,5.0,3.0,4.0,,3.0,5.0,6.0,4.0,3.0,4.0
R0322,North,20,5.0,6.0,4.0,5.0,6.0,4.0,5.0,5.0,3.0,4.0,5.0,4.0,5.0,4.0
R0323,East,28,3.0,7.0,3.0,5.0,4.0,3.0,5.0,3.0,4.0,5.0,3.0,5.0,5.0,5.0
R0324,East,50,4.0,4.0,3.0,4.0,3.0,,5.0,5.0,2.0,2.0,5.0,5.0,5.0,5.0
R0325,East,25,3.0,9.0,4.0,4.0,4.0,5.0,7.0,6.0,4.0,3.0,4.0,4.0,4.0,4.0
R0326,South,9,1.0,4.0,3.0,2.0,3.0,3.0,4.0,4.0,4.0,4.0,5.0,4.0,4.0,3.0
R0327,West,45,4.0,6.0,4.0,4.0,5.0,3.0,5.0,4.0,3.0,4.0,4.0,3.0,4.0,3.0
R0328,South,13,4.0,5.0,5.0,5.0,6.0,2.0,1.0,1.0,4.0,4.0,4.0,5.0,5.0,6.0
R0329,North,17,5.0,8.0,7.0,5.0,4.0,4.0,4.0,5.0,3.0,3.0,5.0,3.0,4.0,5.0
R0330,North,50,4.0,3.0,3.0,3.0,3.0,3.0,2.0,4.0,5.0,5.0,3.0,3.0,3.0,2.0
R0331,South,17,1.0,4.0,3.0,1.0,3.0,3.0,3.0,4.0,2.0,1.0,5.0,4.0,4.0,3.0
R0332,North,22,4.0,5.0,4.0,4.0,5.0,3.0,3.0,4.0,,3.0,6.0,3.0,3.0,3.0
R0333,North,16,5.0,7.0,5.0,5.0,5.0,4.0,4.0,4.0,6.0,5.0,2.0,2.0,3.0,4.0
R0334,West,6,4.0,9.0,5.0,3.0,5.0,5.0,6.0,6.0,4.0,6.0,,4.0,4.0,4.0
R0335,North,56,4.0,7.0,5.0,4.0,4.0,3.0,3.0,4.0,4.0,5.0,5.0,3.0,4.0,3.0
R0336,East,37,3.0,5.0,3.0,4.0,3.0,3.0,4.0,3.0,2.0,2.0,6.0,,4.0,3.0
R0337,North,26,4.0,10.0,3.0,5.0,4.0,5.0,4.0,4.0,4.0,4.0,5.0,4.0,4.0,5.0
R0338,West,81,4.0,5.0,3.0,4.0,4.0,5.0,3.0,5.0,3.0,4.0,3.0,2.0,1.0,2.0
R0339,North,40,3.0,6.0,4.0,3.0,4.0,4.0,,4.0,4.0,4.0,4.0,4.0,5.0,5.0
R0340,North,11,5.0,6.0,4.0,3.0,4.0,7.0,7.0,7.0,5.0,5.0,3.0,5.0,7.0,6.0
R0341,West,35,5.0,6.0,4.0,3.0,4.0,5.0,3.0,4.0,4.0,5.0,3.0,4.0,3.0,3.0
R0342,North,82,4.0,4.0,4.0,2.0,3.0,3.0,4.0,4.0,4.0,2.0,4.0,3.0,4.0,5.0
R0343,East,33,4.0,7.0,4.0,4.0,5.0,3.0,3.0,3.0,4.0,3.0,6.0,4.0,4.0,5.0
R0344,West,12,4.0,4.0,3.0,4.0,3.0,5.0,5.0,4.0,7.0,5.0,3.0,5.0,3.0,4.0
R0345,West,6,6.0,9.0,6.0,5.0,5.0,6.0,6.0,6.0,5.0,5.0,1.0,5.0,4.0,3.0
R0346,South,41,4.0,7.0,3.0,4.0,4.0,4.0,6.0,6.0,4.0,4.0,4.0,5.0,5.0,3.0
R0347,East,10,5.0,5.0,4.0,2.0,3.0,4.0,6.0,5.0,6.0,6.0,4.0,6.0,4.0,5.0
R0348,West,25,3.0,6.0,3.0,5.0,3.0,5.0,4.0,4.0,2.0,2.0,5.0,,3.0,2.0
R0349,East,49,5.0,6.0,3.0,2.0,3.0,5.0,5.0,6.0,4.0,3.0,5.0,3.0,4.0,4.0
R0350,North,31,4.0,6.0,3.0,2.0,3.0,4.0,2.0,2.0,4.0,4.0,3.0,5.0,3.0,5.0
R0351,West,51,5.0,8.0,4.0,5.0,5.0,3.0,3.0,4.0,5.0,4.0,4.0,2.0,4.0,3.0
R0352,South,27,7.0,7.0,5.0,5.0,5.0,6.0,5.0,6.0,3.0,4.0,5.0,4.0,4.0,4.0
R0353,East,29,4.0,8.0,4.0,1.0,4.0,4.0,4.0,3.0,5.0,3.0,5.0,4.0,2.0,4.0
R0354,East,8,5.0,10.0,6.0,6.0,6.0,6.0,6.0,4.0,4.0,4.0,4.0,3.0,5.0,5.0
R0355,South,18,6.0,6.0,3.0,4.0,5.0,5.0,5.0,5.0,4.0,4.0,4.0,3.0,2.0,4.0
R0356,West,25,5.0,10.0,6.0,6.0,5.0,4.0,3.0,3.0,5.0,6.0,3.0,6.0,4.0,2.0
R0357,East,33,4.0,5.0,3.0,3.0,2.0,4.0,3.0,3.0,4.0,5.0,3.0,4.0,5.0,4.0
R0358,South,14,5.0,4.0,3.0,4.0,3.0,3.0,4.0,3.0,3.0,3.0,6.0,2.0,2.0,1.0
R0359,North,33,4.0,4.0,4.0,4.0,2.0,2.0,2.0,4.0,5.0,3.0,1.0,5.0,3.0,4.0
R0360,North,52,3.0,5.0,4.0,,2.0,4.0,3.0,3.0,2.0,4.0,4.0,5.0,2.0,5.0
R0361,South,13,3.0,4.0,2.0,4.0,4.0,3.0,3.0,4.0,5.0,4.0,3.0,3.0,3.0,2.0
R0362,West,21,4.0,6.0,3.0,4.0,3.0,2.0,2.0,1.0,5.0,3.0,,4.0,5.0,4.0
R0363,North,13,4.0,6.0,4.0,2.0,5.0,4.0,5.0,3.0,3.0,3.0,6.0,2.0,1.0,3.0
R0364,South,49,5.0,4.0,,3.0,4.0,3.0,3.0,2.0,4.0,4.0,4.0,6.0,4.0,4.0
R0365,West,11,3.0,5.0,3.0,4.0,3.0,6.0,6.0,4.0,4.0,,3.0,3.0,4.0,3.0
R0366,North,25,3.0,7.0,5.0,3.0,3.0,3.0,3.0,1.0,3.0,3.0,6.0,5.0,5.0,5.0
R0367,West,34,6.0,9.0,6.0,5.0,7.0,3.0,4.0,4.0,4.0,5.0,3.0,5.0,5.0,5.0
R0368,North,34,4.0,8.0,3.0,4.0,2.0,4.0,4.0,3.0,2.0,3.0,5.0,3.0,3.0,3.0
R0369,South,26,4.0,6.0,4.0,4.0,4.0,4.0,3.0,3.0,4.0,4.0,3.0,5.0,3.0,4.0
R0370,West,50,,9.0,5.0,4.0,4.0,6.0,6.0,4.0,4.0,5.0,4.0,4.0,5.0,5.0
R0371,South,44,2.0,4.0,4.0,4.0,4.0,5.0,7.0,5.0,6.0,6.0,3.0,4.0,4.0,4.0
R0372,South,30,7.0,10.0,4.0,6.0,5.0,6.0,5.0,6.0,4.0,5.0,3.0,,6.0,4.0
R0373,East,10,3.0,5.0,3.0,4.0,5.0,4.0,2.0,2.0,2.0,1.0,5.0,3.0,5.0,3.0
R0374,East,49,6.0,6.0,3.0,3.0,3.0,4.0,3.0,4.0,4.0,3.0,3.0,6.0,6.0,6.0
R0375,West,32,1.0,5.0,3.0,4.0,3.0,5.0,5.0,4.0,3.0,4.0,5.0,3.0,3.0,2.0
R0376,West,27,5.0,10.0,7.0,7.0,7.0,5.0,3.0,5.0,5.0,6.0,2.0,4.0,4.0,3.0
R0377,North,18,4.0,5.0,4.0,4.0,4.0,5.0,4.0,5.0,3.0,5.0,3.0,6.0,6.0,5.0
R0378,South,20,2.0,5.0,3.0,4.0,3.0,3.0,3.0,2.0,1.0,2.0,6.0,5.0,2.0,2.0
R0379,East,38,2.0,6.0,3.0,3.0,3.0,2.0,3.0,3.0,3.0,2.0,4.0,3.0,2.0,2.0
R0380,West,44,1.0,6.0,2.0,3.0,3.0,2.0,3.0,1.0,3.0,4.0,3.0,4.0,2.0,3.0
R0381,East,30,4.0,9.0,2.0,3.0,4.0,5.0,5.0,6.0,3.0,4.0,4.0,4.0,3.0,3.0
R0382,North,30,5.0,6.0,3.0,3.0,3.0,4.0,5.0,5.0,5.0,5.0,3.0,6.0,6.0,6.0
R0383,North,21,5.0,8.0,4.0,5.0,6.0,5.0,5.0,6.0,5.0,5.0,2.0,6.0,5.0,3.0
R0384,East,14,5.0,5.0,4.0,4.0,3.0,4.0,5.0,5.0,5.0,5.0,,5.0,4.0,3.0
R0385,East,10,5.0,7.0,5.0,3.0,6.0,5.0,4.0,3.0,4.0,5.0,3.0,2.0,3.0,3.0
R0386,West,13,6.0,9.0,6.0,6.0,6.0,6.0,7.0,5.0,6.0,6.0,3.0,5.0,4.0,5.0
R0387,West,51,5.0,5.0,4.0,4.0,5.0,4.0,5.0,4.0,4.0,3.0,4.0,3.0,3.0,3.0
R0388,West,17,5.0,6.0,5.0,6.0,5.0,5.0,5.0,3.0,4.0,4.0,4.0,7.0,7.0,6.0
R0389,East,23,3.0,6.0,2.0,2.0,,2.0,2.0,2.0,4.0,4.0,5.0,3.0,2.0,3.0
R0390,West,9,6.0,10.0,6.0,6.0,6.0,5.0,5.0,4.0,6.0,6.0,2.0,4.0,6.0,5.0
R0391,East,47,5.0,7.0,5.0,4.0,5.0,5.0,3.0,3.0,4.0,3.0,5.0,3.0,2.0,1.0
R0392,South,84,4.0,4.0,2.0,4.0,3.0,3.0,3.0,3.0,3.0,2.0,6.0,4.0,4.0,5.0
R0393,East,68,6.0,9.0,5.0,6.0,5.0,5.0,5.0,5.0,4.0,5.0,3.0,5.0,5.0,6.0
R0394,West,17,5.0,5.0,3.0,4.0,3.0,3.0,4.0,3.0,5.0,4.0,4.0,4.0,4.0,2.0
R0395,East,22,2.0,3.0,3.0,1.0,3.0,4.0,5.0,4.0,2.0,4.0,4.0,4.0,4.0,3.0
R0396,North,17,7.0,10.0,7.0,6.0,6.0,5.0,4.0,5.0,7.0,5.0,3.0,5.0,4.0,
R0397,South,26,4.0,5.0,3.0,4.0,5.0,3.0,4.0,3.0,5.0,4.0,5.0,2.0,5.0,2.0
R0398,East,21,5.0,5.0,5.0,4.0,4.0,4.0,6.0,4.0,4.0,2.0,4.0,5.0,5.0,4.0
R0399,North,18,5.0,6.0,3.0,3.0,4.0,4.0,4.0,5.0,5.0,4.0,2.0,6.0,6.0,6.0
R0400,West,32,2.0,7.0,2.0,3.0,2.0,4.0,,4.0,,4.0,3.0,4.0,5.0,4.0
R0401,South,14,6.0,10.0,5.0,5.0,5.0,5.0,4.0,5.0,4.0,4.0,,5.0,5.0,5.0
R0402,North,68,3.0,5.0,3.0,3.0,2.0,3.0,2.0,4.0,4.0,4.0,4.0,3.0,3.0,5.0
R0403,East,15,4.0,5.0,3.0,2.0,3.0,3.0,2.0,4.0,3.0,3.0,6.0,4.0,2.0,3.0
R0404,North,9,6.0,10.0,3.0,3.0,4.0,7.0,6.0,7.0,5.0,6.0,3.0,5.0,6.0,6.0
R0405,East,47,3.0,4.0,2.0,2.0,1.0,3.0,3.0,4.0,4.0,5.0,4.0,4.0,4.0,5.0
R0406,South,27,4.0,6.0,4.0,3.0,3.0,5.0,5.0,4.0,4.0,4.0,5.0,2.0,2.0,3.0
R0407,West,12,2.0,5.0,1.0,1.0,1.0,4.0,4.0,4.0,5.0,5.0,4.0,2.0,4.0,4.0
R0408,West,23,4.0,3.0,5.0,4.0,3.0,4.0,3.0,3.0,1.0,,6.0,3.0,4.0,3.0
R0409,North,11,5.0,7.0,5.0,5.0,6.0,5.0,3.0,4.0,4.0,4.0,4.0,4.0,4.0,4.0
R0410,South,24,1.0,3.0,4.0,3.0,2.0,2.0,2.0,3.0,4.0,1.0,6.0,2.0,2.0,2.0
R0411,South,67,6.0,8.0,3.0,5.0,6.0,5.0,5.0,5.0,3.0,4.0,4.0,5.0,6.0,5.0
R0412,East,28,1.0,4.0,4.0,4.0,5.0,3.0,3.0,2.0,4.0,3.0,4.0,4.0,5.0,4.0
R0413,East,37,3.0,4.0,3.0,3.0,3.0,1.0,2.0,2.0,2.0,1.0,5.0,3.0,2.0,4.0
R0414,North,4,3.0,7.0,4.0,4.0,5.0,4.0,4.0,5.0,2.0,3.0,6.0,3.0,3.0,3.0
R0415,East,14,5.0,5.0,7.0,7.0,7.0,3.0,4.0,5.0,4.0,5.0,3.0,5.0,5.0,5.0
R0416,North,55,3.0,6.0,4.0,4.0,5.0,5.0,4.0,5.0,3.0,2.0,6.0,5.0,4.0,4.0
R0417,East,14,5.0,6.0,4.0,4.0,4.0,3.0,3.0,4.0,5.0,4.0,5.0,7.0,5.0,6.0
R0418,West,42,4.0,7.0,3.0,3.0,4.0,3.0,5.0,4.0,3.0,2.0,4.0,6.0,5.0,4.0
R0419,North,34,4.0,4.0,3.0,1.0,3.0,3.0,3.0,3.0,2.0,3.0,6.0,4.0,4.0,4.0
R0420,South,8,5.0,5.0,4.0,3.0,5.0,5.0,4.0,4.0,4.0,6.0,3.0,5.0,4.0,5.0
R0421,West,24,3.0,4.0,2.0,2.0,3.0,3.0,3.0,3.0,3.0,2.0,4.0,3.0,2.0,3.0
R0422,East,58,5.0,8.0,3.0,3.0,3.0,4.0,5.0,4.0,6.0,6.0,1.0,5.0,4.0,3.0
R0423,South,54,5.0,6.0,4.0,5.0,5.0,4.0,3.0,4.0,6.0,7.0,2.0,7.0,4.0,4.0
R0424,West,22,3.0,7.0,3.0,3.0,3.0,3.0,2.0,3.0,5.0,5.0,2.0,3.0,5.0,5.0
R0425,North,11,4.0,6.0,3.0,3.0,4.0,4.0,2.0,4.0,4.0,5.0,2.0,4.0,4.0,5.0
R0426,East,17,3.0,6.0,3.0,4.0,3.0,5.0,6.0,3.0,2.0,2.0,5.0,2.0,4.0,1.0
R0427,West,15,5.0,8.0,3.0,2.0,3.0,4.0,4.0,4.0,3.0,4.0,4.0,4.0,4.0,6.0
R0428,West,32,5.0,9.0,5.0,7.0,5.0,7.0,6.0,5.0,6.0,7.0,2.0,4.0,5.0,4.0
R0429,East,32,4.0,6.0,4.0,4.0,3.0,3.0,3.0,2.0,6.0,4.0,2.0,4.0,3.0,4.0
R0430,East,41,5.0,7.0,4.0,5.0,5.0,5.0,5.0,5.0,3.0,4.0,4.0,3.0,2.0,2.0
R0431,North,27,4.0,8.0,6.0,6.0,6.0,6.0,5.0,4.0,6.0,6.0,3.0,4.0,4.0,5.0
R0432,South,22,4.0,8.0,5.0,5.0,6.0,7.0,5.0,5.0,5.0,5.0,4.0,4.0,4.0,5.0
R0433,East,30,4.0,7.0,3.0,4.0,4.0,4.0,4.0,5.0,6.0,5.0,3.0,6.0,6.0,7.0
R0434,South,37,4.0,5.0,3.0,4.0,3.0,4.0,6.0,5.0,2.0,3.0,4.0,4.0,4.0,4.0
R0435,East,5,1.0,3.0,2.0,3.0,3.0,4.0,3.0,3.0,4.0,4.0,4.0,1.0,1.0,1.0
R0436,East,47,5.0,4.0,5.0,3.0,2.0,4.0,4.0,5.0,7.0,6.0,1.0,5.0,5.0,6.0
R0437,East,9,5.0,6.0,3.0,4.0,5.0,3.0,4.0,3.0,5.0,5.0,5.0,5.0,5.0,4.0
R0438,South,31,5.0,10.0,7.0,6.0,5.0,6.0,6.0,6.0,4.0,5.0,4.0,4.0,4.0,3.0
R0439,North,53,6.0,7.0,5.0,5.0,4.0,,5.0,6.0,4.0,5.0,3.0,,4.0,4.0
R0440,North,21,3.0,5.0,4.0,5.0,3.0,3.0,3.0,3.0,5.0,2.0,4.0,2.0,5.0,4.0
R0441,East,17,4.0,6.0,2.0,2.0,4.0,3.0,4.0,2.0,4.0,2.0,4.0,4.0,3.0,4.0
R0442,South,17,5.0,4.0,3.0,3.0,1.0,4.0,4.0,3.0,3.0,3.0,5.0,4.0,4.0,4.0
R0443,East,56,3.0,3.0,4.0,3.0,2.0,4.0,4.0,4.0,2.0,4.0,5.0,3.0,4.0,4.0
R0444,North,13,6.0,9.0,5.0,6.0,5.0,6.0,5.0,5.0,2.0,3.0,5.0,6.0,6.0,6.0
R0445,East,22,4.0,10.0,4.0,3.0,3.0,6.0,5.0,6.0,4.0,5.0,4.0,4.0,4.0,5.0
R0446,East,9,4.0,6.0,4.0,3.0,4.0,5.0,3.0,4.0,1.0,2.0,7.0,3.0,3.0,2.0
R0447,East,52,4.0,4.0,,3.0,3.0,6.0,5.0,4.0,3.0,3.0,5.0,3.0,3.0,3.0
R0448,North,18,2.0,2.0,1.0,2.0,3.0,2.0,3.0,2.0,3.0,4.0,6.0,4.0,4.0,4.0
R0449,North,21,3.0,3.0,3.0,3.0,1.0,4.0,4.0,2.0,4.0,4.0,3.0,4.0,4.0,2.0
R0450,North,37,5.0,6.0,5.0,4.0,5.0,3.0,3.0,3.0,4.0,4.0,5.0,5.0,5.0,5.0
R0451,East,42,6.0,8.0,4.0,3.0,4.0,5.0,4.0,3.0,4.0,5.0,4.0,4.0,4.0,3.0
R0452,West,57,5.0,6.0,4.0,4.0,3.0,5.0,4.0,5.0,5.0,6.0,2.0,4.0,4.0,3.0
R0453,East,54,2.0,6.0,3.0,4.0,3.0,3.0,5.0,4.0,4.0,5.0,2.0,4.0,4.0,5.0
R0454,South,18,6.0,10.0,6.0,6.0,6.0,6.0,4.0,5.0,4.0,3.0,4.0,3.0,4.0,2.0
R0455,East,9,6.0,8.0,6.0,6.0,5.0,4.0,4.0,4.0,3.0,3.0,5.0,3.0,2.0,3.0
R0456,South,20,6.0,7.0,5.0,5.0,5.0,5.0,5.0,6.0,4.0,4.0,3.0,4.0,5.0,5.0
R0457,West,41,6.0,10.0,5.0,6.0,5.0,7.0,6.0,6.0,4.0,5.0,3.0,6.0,6.0,6.0
R0458,West,22,6.0,9.0,7.0,6.0,7.0,4.0,5.0,5.0,5.0,6.0,2.0,5.0,5.0,
R0459,East,22,6.0,8.0,3.0,4.0,4.0,5.0,4.0,4.0,4.0,3.0,5.0,4.0,2.0,4.0
R0460,East,70,4.0,6.0,2.0,4.0,3.0,5.0,6.0,3.0,5.0,4.0,4.0,4.0,4.0,3.0
R0461,West,22,3.0,5.0,6.0,5.0,4.0,3.0,5.0,3.0,3.0,5.0,5.0,2.0,3.0,3.0
R0462,North,45,5.0,5.0,4.0,5.0,5.0,3.0,5.0,4.0,4.0,6.0,3.0,5.0,,7.0
R0463,East,37,3.0,7.0,4.0,4.0,4.0,6.0,5.0,5.0,7.0,6.0,4.0,2.0,3.0,3.0
R0464,West,67,4.0,5.0,5.0,3.0,5.0,2.0,2.0,2.0,3.0,5.0,4.0,3.0,2.0,4.0
R0465,North,19,4.0,5.0,4.0,5.0,3.0,4.0,3.0,3.0,3.0,2.0,6.0,5.0,5.0,4.0
R0466,South,16,3.0,4.0,4.0,3.0,4.0,4.0,5.0,5.0,4.0,5.0,3.0,4.0,4.0,2.0
R0467,South,52,5.0,7.0,4.0,4.0,5.0,6.0,7.0,4.0,2.0,2.0,6.0,5.0,4.0,5.0
R0468,North,35,5.0,7.0,6.0,6.0,6.0,3.0,3.0,3.0,5.0,6.0,4.0,4.0,6.0,5.0
R0469,East,3,5.0,8.0,4.0,4.0,4.0,5.0,5.0,5.0,5.0,6.0,2.0,4.0,4.0,4.0
R0470,East,16,3.0,6.0,2.0,4.0,3.0,5.0,4.0,4.0,5.0,5.0,4.0,4.0,3.0,4.0
R0471,South,23,5.0,6.0,5.0,4.0,2.0,1.0,4.0,3.0,5.0,3.0,4.0,4.0,5.0,5.0
R0472,North,34,4.0,7.0,4.0,4.0,5.0,4.0,5.0,4.0,2.0,2.0,6.0,4.0,4.0,2.0
R0473,South,22,4.0,4.0,2.0,2.0,2.0,3.0,4.0,4.0,1.0,2.0,6.0,1.0,1.0,3.0
R0474,West,17,4.0,6.0,5.0,5.0,4.0,3.0,3.0,2.0,2.0,2.0,6.0,1.0,3.0,4.0
R0475,West,12,3.0,2.0,3.0,3.0,4.0,3.0,4.0,4.0,2.0,2.0,5.0,6.0,5.0,6.0
R0476,East,30,4.0,6.0,4.0,4.0,6.0,5.0,4.0,3.0,4.0,4.0,3.0,3.0,3.0,3.0
R0477,East,34,4.0,8.0,4.0,3.0,3.0,4.0,4.0,4.0,2.0,3.0,6.0,3.0,1.0,2.0
R0478,East,34,7.0,8.0,6.0,6.0,5.0,4.0,4.0,4.0,7.0,6.0,1.0,5.0,6.0,7.0
R0479,South,30,3.0,6.0,5.0,5.0,4.0,4.0,3.0,4.0,5.0,2.0,4.0,3.0,4.0,4.0
R0480,South,10,6.0,6.0,3.0,4.0,3.0,6.0,,5.0,5.0,5.0,3.0,4.0,5.0,4.0
R0481,West,58,4.0,3.0,4.0,3.0,3.0,4.0,,5.0,3.0,3.0,4.0,2.0,4.0,2.0
R0482,South,73,5.0,8.0,6.0,6.0,5.0,4.0,5.0,4.0,5.0,4.0,5.0,5.0,4.0,4.0
R0483,North,7,4.0,6.0,3.0,3.0,3.0,5.0,5.0,4.0,5.0,4.0,3.0,5.0,6.0,5.0
R0484,South,41,2.0,7.0,4.0,4.0,4.0,4.0,3.0,4.0,2.0,1.0,5.0,3.0,4.0,2.0
R0485,West,38,3.0,4.0,4.0,5.0,4.0,4.0,3.0,3.0,2.0,2.0,6.0,2.0,2.0,6.0
R0486,West,27,4.0,5.0,2.0,3.0,3.0,5.0,4.0,4.0,4.0,4.0,5.0,3.0,2.0,4.0
R0487,East,70,7.0,10.0,7.0,6.0,6.0,7.0,6.0,7.0,6.0,5.0,3.0,6.0,4.0,6.0
R0488,East,19,5.0,7.0,5.0,5.0,4.0,4.0,4.0,6.0,2.0,4.0,6.0,4.0,4.0,5.0
R0489,North,41,3.0,4.0,2.0,4.0,4.0,2.0,2.0,1.0,4.0,3.0,4.0,3.0,3.0,3.0
R0490,West,3,2.0,5.0,1.0,2.0,1.0,2.0,3.0,2.0,5.0,4.0,3.0,3.0,5.0,4.0
R0491,West,8,2.0,4.0,3.0,2.0,3.0,3.0,2.0,3.0,4.0,4.0,3.0,2.0,2.0,1.0
R0492,East,23,5.0,8.0,,5.0,6.0,2.0,3.0,2.0,4.0,4.0,3.0,5.0,4.0,4.0
R0493,East,29,6.0,9.0,4.0,4.0,4.0,4.0,5.0,6.0,4.0,2.0,4.0,3.0,5.0,5.0
R0494,North,21,4.0,6.0,5.0,5.0,3.0,3.0,2.0,5.0,5.0,5.0,6.0,3.0,3.0,4.0
R0495,North,15,6.0,7.0,4.0,5.0,5.0,4.0,3.0,3.0,3.0,2.0,6.0,3.0,3.0,3.0
R0496,South,32,3.0,5.0,5.0,4.0,3.0,4.0,4.0,2.0,4.0,5.0,4.0,4.0,4.0,3.0
R0497,East,23,5.0,9.0,7.0,7.0,6.0,4.0,4.0,5.0,4.0,5.0,5.0,5.0,3.0,3.0
R0498,North,24,1.0,6.0,1.0,1.0,2.0,3.0,3.0,4.0,4.0,5.0,3.0,3.0,2.0,2.0
R0499,South,35,3.0,5.0,4.0,3.0,3.0,4.0,4.0,4.0,4.0,6.0,4.0,5.0,4.0,5.0
R0500,East,40,3.0,5.0,3.0,2.0,2.0,3.0,3.0,3.0,5.0,4.0,2.0,5.0,2.0,4.0
R0501,North,24,4.0,4.0,3.0,4.0,4.0,4.0,3.0,3.0,4.0,2.0,4.0,3.0,6.0,4.0
R0502,South,25,5.0,7.0,5.0,5.0,5.0,5.0,6.0,5.0,5.0,3.0,4.0,5.0,6.0,5.0
R0503,West,36,4.0,7.0,4.0,3.0,3.0,3.0,5.0,4.0,4.0,4.0,4.0,6.0,5.0,6.0
R0504,North,10,4.0,7.0,4.0,4.0,4.0,3.0,2.0,2.0,6.0,4.0,4.0,3.0,3.0,3.0
R0505,North,49,5.0,6.0,4.0,2.0,4.0,2.0,1.0,4.0,5.0,4.0,5.0,3.0,3.0,3.0
R0506,East,17,4.0,6.0,3.0,2.0,3.0,2.0,3.0,3.0,3.0,3.0,5.0,1.0,1.0,1.0
R0507,South,48,3.0,7.0,4.0,4.0,7.0,3.0,1.0,3.0,4.0,5.0,4.0,3.0,4.0,4.0
R0508,West,40,2.0,7.0,3.0,4.0,3.0,3.0,4.0,4.0,4.0,3.0,5.0,4.0,3.0,3.0
R0509,North,13,4.0,6.0,3.0,3.0,3.0,,5.0,5.0,,3.0,4.0,5.0,4.0,4.0
R0510,South,20,4.0,3.0,4.0,4.0,3.0,3.0,3.0,3.0,,2.0,4.0,2.0,3.0,2.0
R0511,North,14,4.0,7.0,3.0,5.0,4.0,5.0,5.0,5.0,2.0,4.0,5.0,4.0,3.0,3.0
R0512,North,5,5.0,9.0,,6.0,4.0,3.0,5.0,4.0,5.0,5.0,3.0,3.0,3.0,2.0
R0513,West,63,4.0,4.0,2.0,1.0,2.0,3.0,3.0,3.0,2.0,3.0,5.0,3.0,3.0,4.0
R0514,East,7,5.0,6.0,5.0,5.0,3.0,4.0,3.0,4.0,4.0,2.0,,5.0,6.0,5.0
R0515,North,36,5.0,8.0,6.0,5.0,6.0,2.0,3.0,3.0,4.0,6.0,4.0,3.0,2.0,4.0
R0516,West,7,4.0,4.0,4.0,4.0,3.0,4.0,5.0,6.0,3.0,5.0,3.0,3.0,3.0,4.0
R0517,South,69,4.0,7.0,5.0,4.0,3.0,4.0,3.0,,7.0,4.0,2.0,4.0,4.0,3.0
R0518,North,11,2.0,3.0,2.0,3.0,2.0,3.0,3.0,2.0,,3.0,6.0,1.0,2.0,2.0
R0519,West,49,3.0,5.0,4.0,3.0,5.0,2.0,3.0,4.0,2.0,2.0,5.0,2.0,3.0,2.0
R0520,West,64,3.0,5.0,4.0,,4.0,2.0,4.0,2.0,5.0,3.0,4.0,6.0,5.0,7.0
